"Account Details For:","My Account (Savings) 271-461338-5",,,,,,,,,,
"Statement as at:","14 Mar 2026",,,,,,,,,,
"",,,,,,,,,,,
"Currency:","SGD - Singapore Dollar",,,,,,,,,,
"",,,,,,,,,,,
"Available Balance:","SGD 7709.7",,,,,,,,,,
"Ledger Balance:","SGD 7709.7",,,,,,,,,,
"",,,,,,,,,,,
"Transaction Date","Value Date","Statement Code","Description","Supplementary Code","Supplementary Code Description","Client Reference","Additional Reference","Status","Currency","Debit Amount","Credit Amount"
"28 Feb 2026","14 Mar 2026","ATINT","   "," ","Interest Earned","","","Settled","SGD","",0.28
"23 Feb 2026","14 Mar 2026","GR","SI BY :SENTHILKUMAR SRIRAM PART/REF:SI ","SI BY      :SENTHILKUMAR SRIRAM","Payments or Collections via GIRO","PART/REF:SI","","Settled","SGD","",938.27